Date,Return_Squared,RV
2018-01-01,0.006257168415743343,0.07910226555379651
2018-01-02,0.0051615223000766935,0.07184373528761359
2018-01-03,0.0033842475619658653,0.05817428608900899
2018-01-04,0.00412088269819648,0.06419410173992997
2018-01-05,0.0027714901965327264,0.05264494464364766
2018-01-06,0.002347872280040111,0.04845484784869426
2018-01-07,0.0026287443722640184,0.05127128213984919
2018-01-08,0.007458907454388719,0.08636496659171888
2018-01-09,0.0045939584065367665,0.06777874597937592
2018-01-10,0.005560274152737129,0.07456724584384976
2018-01-11,0.012441237331428873,0.11154029465367604
2018-01-12,0.005194353634170131,0.07207186437279205
2018-01-13,0.0026266882261035116,0.05125122658145375
2018-01-14,0.004089369260112227,0.06394817636267845
2018-01-15,0.002768046250722295,0.052612225297190146
2018-01-16,0.02935832334335262,0.17134270729550358
2018-01-17,0.03740353340983938,0.19339993125603583
2018-01-18,0.01583916139039655,0.1258537301409718
2018-01-19,0.007373631191736779,0.08586985030694289
2018-01-20,0.00502078091145792,0.07085746898851186
2018-01-21,0.00875523958274061,0.09356943722573419
2018-01-22,0.011067199454599252,0.10520075786133506
2018-01-23,0.01180892994487397,0.1086689005413875
2018-01-24,0.0065699561628870815,0.08105526610212986
2018-01-25,0.004037472219563426,0.06354110653398654
2018-01-26,0.005836444925457632,0.07639662901894057
2018-01-27,0.00369495915101186,0.060786175657067454
2018-01-28,0.00302400159141523,0.05499092280927126
2018-01-29,0.003466736644351786,0.058879000028463344
2018-01-30,0.0055916782493344195,0.07477752502814211
2018-01-31,0.006469433829684866,0.08043279076151011
2018-02-01,0.008346730060053216,0.09136044034511445
2018-02-02,0.018618140949046166,0.13644830870716634
2018-02-03,0.00951342128590852,0.09753676889208766
2018-02-04,0.01147743177600197,0.10713277638520328
2018-02-05,0.02610756075113873,0.16157834245696026
2018-02-06,0.04152229820325626,0.20377020931249068
2018-02-07,0.01453576947347041,0.12056437895776019
2018-02-08,0.009099814999091401,0.09539295046852991
2018-02-09,0.005709929034340463,0.07556407237795262
2018-02-10,0.005613118161992615,0.07492074587183856
2018-02-11,0.005832142590625562,0.0763684659439062
2018-02-12,0.0040897177251893535,0.06395090089427477
2018-02-13,0.002755811294008967,0.05249582168143448
2018-02-14,0.0019118309258509519,0.04372448885751498
2018-02-15,0.003975634186827271,0.06305263029269494
2018-02-16,0.002282807672361444,0.04777873661328273
2018-02-17,0.002418252110435352,0.04917572684196291
2018-02-18,0.004901737040187922,0.07001240633050633
2018-02-19,0.0028799163989205517,0.05366485254727298
2018-02-20,0.002837088592650564,0.05326432758094824
2018-02-21,0.005289261937269144,0.07272731218235103
2018-02-22,0.004958713673409701,0.07041813454934533
2018-02-23,0.0036630485517245726,0.0605231241074399
2018-02-24,0.0038407026294913593,0.06197340259733493
2018-02-25,0.002497505187591961,0.04997504564872313
2018-02-26,0.0023703002664289706,0.04868572959737762
2018-02-27,0.001790319453417917,0.042312166730361575
2018-02-28,0.002268117128322287,0.04762475331508067
2018-03-01,0.0014684457904188728,0.038320305197360745
2018-03-02,0.001229760542237771,0.03506794180213277
2018-03-03,0.0007658435880025929,0.02767387916434183
2018-03-04,0.000929693988413322,0.03049088369354555
2018-03-05,0.0005235563643583084,0.022881354076153545
2018-03-06,0.0012647500374864246,0.03556332433120425
2018-03-07,0.004328005415208343,0.06578757797037631
2018-03-08,0.004274123362226221,0.06537677999279423
2018-03-09,0.009184355135577742,0.09583504127185287
2018-03-10,0.0028532335232301187,0.053415667394783324
2018-03-11,0.004350648033121547,0.06595944233482835
2018-03-12,0.005205152865641598,0.07214674535723423
2018-03-13,0.005516711966081219,0.07427457146346399
2018-03-14,0.00411670716436105,0.06416157077535625
2018-03-15,0.005842114458525872,0.07643372592335056
2018-03-16,0.0038572509969895573,0.062106770943187485
2018-03-17,0.002990294513573734,0.05468358541256904
2018-03-18,0.006264651791529491,0.07914955332488928
2018-03-19,0.0050379939543355205,0.0709788275074724
2018-03-20,0.002836438304421759,0.05325822288080742
2018-03-21,0.0020691923856112344,0.04548837637915025
2018-03-22,0.002043668897846746,0.04520695629929918
2018-03-23,0.0022878737445698513,0.047831723203015084
2018-03-24,0.0017636956102740262,0.04199637615644981
2018-03-25,0.002228179506112544,0.04720359632604855
2018-03-26,0.002615039815441471,0.051137460001856476
2018-03-27,0.0032409735993284084,0.05692954943900758
2018-03-28,0.0013817566982881786,0.03717198808630201
2018-03-29,0.003912293907135768,0.0625483325687885
2018-03-30,0.007797770144880531,0.08830498369220466
2018-03-31,0.00303856772125197,0.05512320492543925
2018-04-01,0.003449573073179451,0.05873306626747365
2018-04-02,0.0018462533082595155,0.04296804985404289
2018-04-03,0.0013861262989057531,0.037230717141975025
2018-04-04,0.0021342511735677697,0.04619795637869461
2018-04-05,0.0029332236236723824,0.05415924319700546
2018-04-06,0.0014727327821516035,0.03837620072586138
2018-04-07,0.002113958333052626,0.04597780261226743
2018-04-08,0.000619878621033993,0.024897361728383853
2018-04-09,0.001514012208793471,0.038910309800790216
2018-04-10,0.0007322402197060692,0.027059937540690467
2018-04-11,0.00033035928331904966,0.018175788382324705
2018-04-12,0.0042868093219457434,0.06547373001399678
2018-04-13,0.0023538771577908835,0.048516771922613354
2018-04-14,0.0014378075404438367,0.03791843272662831
2018-04-15,0.001107063064268649,0.03327255722466563
2018-04-16,0.001510437212334776,0.03886434371419098
2018-04-17,0.0008301114919107653,0.02881165548715945
2018-04-18,0.0011772550983433158,0.034311151224395195
2018-04-19,0.0008263544138289804,0.02874638088227769
2018-04-20,0.0009704488109421571,0.03115202739697943
2018-04-21,0.0008719183413564537,0.029528263432793567
2018-04-22,0.0009139796970074237,0.030232097132144566
2018-04-23,0.000362173115569961,0.01903084642284628
2018-04-24,0.0011055694786074627,0.0332501049413
2018-04-25,0.0032545181657878323,0.05704838442750007
2018-04-26,0.0019463590222573589,0.044117559114907515
2018-04-27,0.001237034538472173,0.03517150179438139
2018-04-28,0.0012743624424882375,0.03569821343552416
2018-04-29,0.0010492530134372207,0.032392175188418894
2018-04-30,0.0008580372276434464,0.02929227249025665
2018-05-01,0.0010157713918854535,0.031871168662059655
2018-05-02,0.0004465252226205764,0.021131143429085338
2018-05-03,0.0009513833383644407,0.0308445025630896
2018-05-04,0.0011107683578382367,0.033328191637684704
2018-05-05,0.0006038015951877329,0.02457237463469359
2018-05-06,0.0009379697539523056,0.030626291874014156
2018-05-07,0.0008987720539008464,0.029979527246119915
2018-05-08,0.0009276175067208323,0.030456813797914456
2018-05-09,0.0007786841708972922,0.027904913024363508
2018-05-10,0.0007011562660585132,0.026479355469091637
2018-05-11,0.0017635787954938548,0.041994985361276826
2018-05-12,0.001913477780174397,0.04374331697727548
2018-05-13,0.0011669924335994059,0.03416127095995414
2018-05-14,0.002427529947837578,0.04926997004096489
2018-05-15,0.0016974433776552223,0.041200040990941045
2018-05-16,0.0026330947736883776,0.051313689924701165
2018-05-17,0.0013826072670238302,0.0371834273168011
2018-05-18,0.0011444308212318025,0.033829437199454006
2018-05-19,0.0006445203462684586,0.025387405268527515
2018-05-20,0.0007235425507289688,0.026898746266861003
2018-05-21,0.0005972468050544476,0.02443863345308914
2018-05-22,0.0006850765128687171,0.0261739663190109
2018-05-23,0.0018523458877237522,0.0430388880865172
2018-05-24,0.0018061764943075097,0.04249913521834897
2018-05-25,0.0017521373957736445,0.041858540296738064
2018-05-26,0.0009404690802400422,0.03066706833461657
2018-05-27,0.0009622970419842333,0.03102091297792883
2018-05-28,0.0011854374948072623,0.03443018290406344
2018-05-29,0.0012289338947930107,0.03505615345118473
2018-05-30,0.0008723034871798365,0.02953478435979915
2018-05-31,0.0007655929656883877,0.02766935065534404
2018-06-01,0.000795667499640953,0.028207578762470077
2018-06-02,0.0006276785631252503,0.025053513987567697
2018-06-03,0.0004864032943035495,0.022054552688811204
2018-06-04,0.0005506059791882411,0.023464994762160955
2018-06-05,0.0008025273501847833,0.028328913678162516
2018-06-06,0.0006518892297886528,0.025532121529333453
2018-06-07,0.0003829999034498494,0.019570383324039656
2018-06-08,0.00022847693502654195,0.015115453517064645
2018-06-09,0.0003092803704673746,0.017586368882386568
2018-06-10,0.0021710721219243985,0.04659476496264788
2018-06-11,0.0013199770879931774,0.036331488931685384
2018-06-12,0.0012941464009362882,0.03597424635675205
2018-06-13,0.0026610623064739756,0.051585485424428985
2018-06-14,0.0018764285275651039,0.04331776226405404
2018-06-15,0.0012695198655230757,0.03563032227644139
2018-06-16,0.001011729439447532,0.03180769465785806
2018-06-17,0.0004119367009191754,0.020296223809348757
2018-06-18,0.0010157872353941412,0.031871417216593007
2018-06-19,0.00040873527663409776,0.02021720249278069
2018-06-20,0.000729997627473123,0.027018468266597255
2018-06-21,0.00030429104549705837,0.017443940079496328
2018-06-22,0.002765135434252362,0.052584555092273645
2018-06-23,0.0010837888404078293,0.03292094835219407
2018-06-24,0.0024799983121461928,0.049799581445492014
2018-06-25,0.0012480980758087998,0.03532843155036464
2018-06-26,0.0011485091176015642,0.03388966092485383
2018-06-27,0.0008151320385692306,0.028550517308259592
2018-06-28,0.0008089173083748655,0.028441471628150073
2018-06-29,0.0017705001639953808,0.04207731174867735
2018-06-30,0.0009159197608623296,0.03026416628394593
2018-07-01,0.0007351611563541657,0.02711385543138721
2018-07-02,0.0011433777031596359,0.03381386850331733
2018-07-03,0.0006886562714898101,0.026242261173340418
2018-07-04,0.001056847150779251,0.03250918563697422
2018-07-05,0.001419360781032181,0.037674404853058806
2018-07-06,0.0006408791478084029,0.025315591002550243
2018-07-07,0.0008406635910412545,0.02899419926539194
2018-07-08,0.00043528387932439966,0.020863457990572886
2018-07-09,0.0006076717968642356,0.024650999916113657
2018-07-10,0.0009860754842431559,0.03140183886722489
2018-07-11,0.0006517320586702998,0.025529043434298508
2018-07-12,0.000924493931955393,0.030405491805846407
2018-07-13,0.0003966679990319261,0.019916525777151146
2018-07-14,0.000298679820102273,0.017282355745160235
2018-07-15,0.0002121749251856499,0.01456622549549642
2018-07-16,0.0007866403802639125,0.028047110016255018
2018-07-17,0.0020790874506930435,0.045597011422822915
2018-07-18,0.0017103321089063028,0.04135616168004839
2018-07-19,0.0008506823599906631,0.029166459503866135
2018-07-20,0.001485723622402569,0.038545085580428656
2018-07-21,0.0004058526244257397,0.02014578428420546
2018-07-22,0.0008687915972757517,0.029475270944908236
2018-07-23,0.001339673836955619,0.03660155511662884
2018-07-24,0.0015177260470477512,0.038958003632729325
2018-07-25,0.0009971767441916105,0.03157810545602143
2018-07-26,0.0009869472561514995,0.031415716705997646
2018-07-27,0.0009434178912424239,0.03071510851751014
2018-07-28,0.00042788134662184187,0.02068529300304547
2018-07-29,0.0003067594625939455,0.017514550025448713
2018-07-30,0.0012109857964220554,0.03479922120424616
2018-07-31,0.0010596209496233808,0.03255181945181223
2018-08-01,0.001024138554478553,0.032002164840500294
2018-08-02,0.00045973101579748274,0.02144133894600528
2018-08-03,0.0006793466924557296,0.026064280010307778
2018-08-04,0.000987960092619291,0.031431832473136065
2018-08-05,0.0007650353386588369,0.027659272200454534
2018-08-06,0.0006843696368420169,0.026160459415729247
2018-08-07,0.0011301342824519588,0.03361746989962152
2018-08-08,0.0028606470832607156,0.05348501737179035
2018-08-09,0.0015422079025731964,0.03927095494857741
2018-08-10,0.0022887552514397076,0.04784093698329609
2018-08-11,0.005176059613452348,0.07194483729533585
2018-08-12,0.0023210801460443772,0.04817758966619622
2018-08-13,0.0013531862662757958,0.036785680179599725
2018-08-14,0.0024575321111033935,0.049573502106502354
2018-08-15,0.0026095730866842895,0.0510839807247271
2018-08-16,0.0014264759330105121,0.03776871632727954
2018-08-17,0.0012441741382811134,0.03527285270971308
2018-08-18,0.0010112944373628148,0.03180085592185869
2018-08-19,0.0006077506818118513,0.02465259989964246
2018-08-20,0.0008145450877230679,0.028540236294100088
2018-08-21,0.0005544924357187178,0.023547663062790707
2018-08-22,0.0030943028234091765,0.05562645794412203
2018-08-23,6.91454977989026e-05,0.008315377189214126
2018-08-24,0.0,0.0
2018-08-25,0.00211035872475564,0.0459386408675272
2018-08-26,0.0004567932785647607,0.02137272276909895
2018-08-27,0.0004908185135368316,0.022154424242954985
2018-08-28,0.0006363029352272567,0.025225045792371847
2018-08-29,0.0004732219247622062,0.021753664628338054
2018-08-30,0.0006223140380866862,0.0249462229222519
2018-08-31,0.0004547214389809196,0.02132419843700859
2018-09-01,0.000483764873701851,0.021994655571339394
2018-09-02,0.0007158995448977265,0.026756299162958366
2018-09-03,0.0004248814737785504,0.02061265324451344
2018-09-04,0.00034098120895246527,0.01846567650947198
2018-09-05,0.0016432050185374886,0.040536465294071816
2018-09-06,0.0025666527168605696,0.050662142837236655
2018-09-07,0.0006980454454864841,0.026420549681762568
2018-09-08,0.001252263293411481,0.035387332386201155
2018-09-09,0.0010681098449146255,0.032681949833426795
2018-09-10,0.0005792193411094373,0.0240669761521766
2018-09-11,0.0006294021888590191,0.025087889286646237
2018-09-12,0.00038494869949281786,0.019620109568828047
2018-09-13,0.0005048101274440226,0.022467980048149025
2018-09-14,0.0005894399604456041,0.02427838463418858
2018-09-15,0.00032905604642017124,0.018139902051008194
2018-09-16,0.0004485024182586782,0.021177875678610406
2018-09-17,0.0006751410926723369,0.025983477301399382
2018-09-18,0.00036058461917447596,0.018989065779402525
2018-09-19,0.0015302915544944085,0.03911894112184542
2018-09-20,0.0003982069959895179,0.01995512455459795
2018-09-21,0.0006911510447249785,0.026289751705274405
2018-09-22,0.0004809369454596004,0.021930274632562183
2018-09-23,0.00027844800471658616,0.016686761360928795
2018-09-24,0.00038009331977288425,0.0194959821443518
2018-09-25,0.0006941140735209578,0.026346044741496925
2018-09-26,0.000378157237396095,0.019446265384286388
2018-09-27,0.0006195356143144777,0.024890472360212003
2018-09-28,0.001004317974293947,0.03169097622816228
2018-09-29,0.00046109024390785896,0.021473011989654803
2018-09-30,0.000349977280664544,0.01870767972423475
2018-10-01,0.000317293472307211,0.017812733431655316
2018-10-02,0.00033054795313835426,0.018180977782791395
2018-10-03,0.0002715604076671856,0.016479090013322508
2018-10-04,0.000487396472519796,0.022077057605573165
2018-10-05,0.0002809370880919753,0.016761178004304333
2018-10-06,6.722860875268308e-05,0.00819930538232862
2018-10-07,0.00017125810261861484,0.013086561909784206
2018-10-08,0.00020917840557618537,0.014463001264474307
2018-10-09,9.78997631298823e-05,0.009894430914907755
2018-10-10,0.00021277288210357087,0.014586736513133117
2018-10-11,0.001552601374883352,0.03940306301397586
2018-10-12,0.0002764504445240689,0.01662679898609678
2018-10-13,0.000305815422294675,0.017487579086159267
2018-10-14,0.0001901941560349157,0.013791089733408151
2018-10-15,0.0028563657456969383,0.05344497867617629
2018-10-16,0.0002921154216100537,0.017091384426372654
2018-10-17,0.00010513047438516104,0.010253315287513646
2018-10-18,0.0002740934166695744,0.016555766870476715
2018-10-19,0.00013871112088321503,0.011777568547166899
2018-10-20,0.00011982117093673565,0.010946285714192538
2018-10-21,7.325963745830746e-05,0.008559184392119817
2018-10-22,0.00010477884877286184,0.01023615400298676
2018-10-23,0.00011430982361663069,0.010691577227735423
2018-10-24,0.00012701073678706763,0.011269904027411574
2018-10-25,0.00011037971020213656,0.010506174860630131
2018-10-26,0.00013455528059253663,0.011599796575480823
2018-10-27,3.559853679715058e-05,0.005966450938133203
2018-10-28,4.421902664330458e-05,0.0066497388402330946
2018-10-29,0.0003543801758570047,0.018824988070567393
2018-10-30,8.769060175692095e-05,0.009364326017227345
2018-10-31,0.0001799073466692444,0.01341295443477105
2018-11-01,8.031797856258009e-05,0.008962029823794388
2018-11-02,5.558410875565975e-05,0.0074554750858452845
2018-11-03,3.331673036304771e-05,0.005772064653401563
2018-11-04,0.00012407218820209443,0.011138769600009438
2018-11-05,0.00011562563367079096,0.01075293604885619
2018-11-06,0.00012153293070943173,0.011024197508636705
2018-11-07,0.0003326391881760639,0.018238398728398934
2018-11-08,0.0002944608830153611,0.01715986255817223
2018-11-09,0.00017791029422990792,0.013338301774585396
2018-11-10,0.00013680529201163407,0.011696379440306905
2018-11-11,0.00018094945606769372,0.013451745465466321
2018-11-12,7.60425478498674e-05,0.00872023783218482
2018-11-13,0.0001701578123588955,0.013044455234270825
2018-11-14,0.005664957067771847,0.07526590906759745
2018-11-15,0.003655531871877389,0.06046099463188965
2018-11-16,0.0,0.0
2018-11-17,0.0,0.0
2018-11-18,0.0,0.0
2018-11-19,0.0,0.0
2018-11-20,0.0,0.0
2018-11-21,0.0,0.0
2018-11-22,0.0,0.0
2018-11-23,0.0,0.0
2018-11-24,0.0,0.0
2018-11-25,0.0,0.0
2018-11-26,0.0,0.0
2018-11-27,0.0,0.0
2018-11-28,0.0,0.0
2018-11-29,0.0,0.0
2018-11-30,0.0,0.0
2018-12-01,0.0,0.0
2018-12-02,0.0,0.0
2018-12-03,0.0,0.0
2018-12-04,0.0,0.0
2018-12-05,0.0,0.0
2018-12-06,0.0,0.0
2018-12-07,0.23773467721879352,0.4875804315380115
2018-12-08,0.003153588111671081,0.056156817143344945
2018-12-09,0.0021191122976124362,0.04603381689163344
2018-12-10,0.0027484656409796533,0.052425810828061144
2018-12-11,0.0015564671310105032,0.03945208652290146
2018-12-12,0.0012429469758002167,0.035255453135652884
2018-12-13,0.0015400085335069717,0.039242942467493075
2018-12-14,0.001605045957990071,0.04006302482327153
2018-12-15,0.00108399922467145,0.03292414349184273
2018-12-16,0.0005805288158899796,0.024094165598542307
2018-12-17,0.0019424181750614699,0.04407287346045717
2018-12-18,0.0013969444343061269,0.03737571985000592
2018-12-19,0.002319129805106746,0.04815734424889672
2018-12-20,0.005051061666089511,0.07107082148174108
2018-12-21,0.0039554378729388506,0.06289227196515364
2018-12-22,0.0021183183281476064,0.046025192320593364
2018-12-23,0.001807143583054168,0.04251051144192655
2018-12-24,0.0025727714052412544,0.050722494075520916
2018-12-25,0.0038156382813243138,0.06177085300790587
2018-12-26,0.0014989042980611401,0.038715685426725176
2018-12-27,0.0016893171501184505,0.0411013035087508
2018-12-28,0.002537321862023409,0.05037183600012421
2018-12-29,0.0021491044143921874,0.04635843412360029
2018-12-30,0.0021558550332060116,0.04643118599827073
2018-12-31,0.0018533927670589328,0.04305104838513149
2019-01-01,0.0013103926038011806,0.036199345350450475
2019-01-02,0.0010106456498907084,0.03179065349895639
2019-01-03,0.0005359870376338031,0.02315139385941596
2019-01-04,0.0006664279763720365,0.025815266343232574
2019-01-05,0.0005532515467692674,0.023521299852883714
2019-01-06,0.0014750761830573413,0.03840672054546367
2019-01-07,0.0007880587223176229,0.028072383623725702
2019-01-08,0.0007501889277424037,0.02738957699093587
2019-01-09,0.00044269114351109135,0.02104022679324278
2019-01-10,0.00218508401007989,0.04674488218061834
2019-01-11,0.0008714213592205474,0.029519846869869557
2019-01-12,0.0005544314336690525,0.023546367738338167
2019-01-13,0.0009734991175927334,0.03120094738293588
2019-01-14,0.0012096421156658768,0.03477990965580383
2019-01-15,0.0008896815943717486,0.029827530812518634
2019-01-16,0.0006100640810247011,0.02469947531881398
2019-01-17,0.0005545397680158216,0.023548668073074146
2019-01-18,0.0002640367784100555,0.016249208547189475
2019-01-19,0.0006286363846722943,0.02507262221372735
2019-01-20,0.001121190985273216,0.03348419007939741
2019-01-21,0.00041445682922337264,0.020358212819974464
2019-01-22,0.0010146251683567195,0.031853181447960885
2019-01-23,0.0003617881020848909,0.019020728221729337
2019-01-24,0.000257343079199211,0.016041916319418044
2019-01-25,0.00031112718462473566,0.017638797709161914
2019-01-26,0.00038184173599577627,0.019540771120807293
2019-01-27,0.0002895613098400345,0.017016501104517183
2019-01-28,0.000661828947521296,0.025726036374095717
2019-01-29,0.0004047622058645302,0.020118702887227353
2019-01-30,0.0003111922357000518,0.017640641589807663
2019-01-31,0.00023501076703704308,0.015330060894759781
2019-02-01,0.00039791261347380566,0.019947747077647782
2019-02-02,9.386360536966148e-05,0.009688323145398355
2019-02-03,0.0002873476633200227,0.016951332198975474
2019-02-04,0.0001662860160206478,0.012895193523970387
2019-02-05,6.426921343555926e-05,0.008016808182534946
2019-02-06,0.0003370930671047586,0.018360094419821445
2019-02-07,6.126324442178018e-05,0.00782708403058126
2019-02-08,0.0016042661567723863,0.04005329145990859
2019-02-09,0.00021795740698049486,0.014763380608129524
2019-02-10,0.00024272029697895,0.015579483206414455
2019-02-11,0.00041881802503753384,0.02046504397839237
2019-02-12,0.00035763009079931225,0.018911110247664262
2019-02-13,0.00017871083085889376,0.013368277034041962
2019-02-14,0.00017433325184500566,0.013203531794372506
2019-02-15,4.932314189588824e-07,0.0007023043634770343
2019-02-16,0.0002072580734699707,0.014396460449359444
2019-02-17,0.0005896465957671164,0.024282639802276778
2019-02-18,0.0016079471422126557,0.04009921622940598
2019-02-19,0.0009446498599277518,0.030735156741551715
2019-02-20,0.0004074833447030393,0.020186216701081935
2019-02-21,0.0004781657982719885,0.02186700249855907
2019-02-22,0.00028032427391318454,0.016742887263348116
2019-02-23,0.0007229084578431128,0.026886957020888638
2019-02-24,0.0029027826181830577,0.053877477837989574
2019-02-25,0.0007071087265392084,0.02659151606319595
2019-02-26,0.00043753105697641226,0.020917243053911582
2019-02-27,0.000889789977197009,0.029829347582490118
2019-02-28,0.0008658474278078276,0.02942528551786418
2019-03-01,0.0002284456564068948,0.015114418824648694
2019-03-02,0.00021698476161059028,0.014730402628936871
2019-03-03,0.00016239721011261505,0.012743516395116972
2019-03-04,0.0004237947306589445,0.020586275298337592
2019-03-05,0.000630497974432795,0.02510971872468497
2019-03-06,0.0002988720715174604,0.0172879169224479
2019-03-07,0.00032854315205453876,0.018125759351115163
2019-03-08,0.0006031064447175463,0.024558225601975934
2019-03-09,0.0003605281210491096,0.018987578072232107
2019-03-10,0.00016966919854006398,0.013025712976265981
2019-03-11,0.0003417631584450866,0.018486837437622656
2019-03-12,0.0001781022378534339,0.013345495039654164
2019-03-13,0.0001409336005887656,0.011871545838211872
2019-03-14,0.0004316589352755772,0.020776403328670177
2019-03-15,0.00014618438368022693,0.012090673417152038
2019-03-16,0.0004913514347579837,0.022166448401987716
2019-03-17,0.00013438675046869816,0.011592529942540505
2019-03-18,0.0002012995682513517,0.014188007902850621
2019-03-19,0.00010965990418616072,0.010471862498436499
2019-03-20,0.00024807815407615065,0.015750496946958552
2019-03-21,0.0003550664397359711,0.018843206726456386
2019-03-22,6.3288476473196225e-12,2.5157201051229094e-06
2019-03-23,0.0001128440328073679,0.010622807199952747
2019-03-24,7.126958896649412e-05,0.00844213177855535
2019-03-25,0.00019213940041423736,0.013861435727017507
2019-03-26,7.548665333519038e-05,0.008688305550289445
2019-03-27,0.0002905111356506011,0.017044387218395417
2019-03-28,7.923676906294134e-05,0.008901503752902728
2019-03-29,4.1357056842771295e-08,0.00020336434506267636
2019-03-30,0.0005589883897125054,0.023642935302379556
2019-03-31,6.0026280814472876e-05,0.007747662925971475
2019-04-01,0.00023757311702404848,0.01541340705438121
2019-04-02,0.006629895113009844,0.08142416786808351
2019-04-03,0.006256899049997279,0.0791005628930495
2019-04-04,0.001960986506634106,0.0442830272975336
2019-04-05,0.0011011841038350012,0.03318409413913541
2019-04-06,0.001849931035801278,0.0430108246352157
2019-04-07,0.0015673093394373973,0.03958925787934648
2019-04-08,0.0014815074434954658,0.03849035520095217
2019-04-09,0.0007805864555868473,0.027938977353991454
2019-04-10,0.0014557361335056605,0.03815411030944976
2019-04-11,0.0019484006888338071,0.04414069198408434
2019-04-12,3.536822073304704e-07,0.000594711869168987
2019-04-13,0.0004667689654044519,0.021604836620637793
2019-04-14,0.000353788033193673,0.018809253924429673
2019-04-15,0.0007714768937168688,0.027775472880166574
2019-04-16,0.0005845800247731804,0.024178089766836015
2019-04-17,0.0006281077351141858,0.025062077629641678
2019-04-18,0.00042894138130957773,0.020710900060344498
2019-04-19,0.00047745338710969247,0.021850706787417483
2019-04-20,0.00027517965225922153,0.016588539786829386
2019-04-21,0.0003513685416295168,0.018744827063206446
2019-04-22,0.0006507394759908815,0.02550959576298459
2019-04-23,0.0013499756888995676,0.036742015308085206
2019-04-24,0.0009358289308548454,0.03059132116883554
2019-04-25,0.001877757400460598,0.04333309820980492
2019-04-26,0.0004985077226675015,0.02232728650480173
2019-04-27,0.0003437675385405504,0.018540969190971392
2019-04-28,0.00033734248003569,0.018366885420116552
2019-04-29,0.0004945732670093599,0.022239003282731894
2019-04-30,0.00033846127356402156,0.018397317020805548
2019-05-01,0.00024864088720475395,0.015768350808019017
2019-05-02,0.0003591460052322424,0.01895114786054508
2019-05-03,0.0015895649477176514,0.0398693484737041
2019-05-04,0.0013099670548142458,0.03619346701843091
2019-05-05,0.0007381800951013866,0.02716946990836197
2019-05-06,0.0008033583751976687,0.028343577318286215
2019-05-07,0.0013716295387310837,0.03703551726020691
2019-05-08,0.0010473079464435437,0.03236213754441359
2019-05-09,0.0007650866383402576,0.027660199535438235
2019-05-10,1.4908108555084056e-06,0.001220987655755948
2019-05-11,0.0055698486582933865,0.07463141870749468
2019-05-12,0.009197558093202019,0.09590390030234443
2019-05-13,0.006278064376883656,0.07923423740330726
2019-05-14,0.006099970325313187,0.07810230678611987
2019-05-15,0.0034031391971181698,0.0583364311311394
2019-05-16,0.003817374101761369,0.061784901891654476
2019-05-17,0.013942148127897512,0.11807687380642118
2019-05-18,0.0020829773083727633,0.045639646234088664
2019-05-19,0.004558611772677649,0.06751749234589248
2019-05-20,0.004427202915258462,0.06653722954300444
2019-05-21,0.0019947416758183505,0.04466253100551233
2019-05-22,0.00248504646946414,0.04985024041530933
2019-05-23,0.0016706938066909237,0.040874121479133024
2019-05-24,0.0010142774802008557,0.0318477233126774
2019-05-25,0.0007576038844664898,0.027524605073760637
2019-05-26,0.0034112224671719706,0.05840567153258295
2019-05-27,0.0020381975230030873,0.0451464009972344
2019-05-28,0.0010378844458825034,0.032216214021552926
2019-05-29,0.0008707715930730447,0.029508839236287228
2019-05-30,0.003822824571413555,0.06182899458517464
2019-05-31,1.711695023854743e-05,0.004137263617241163
2019-06-01,0.0011875664375747528,0.034461085844394876
2019-06-02,0.001113007901896191,0.03336177306283632
2019-06-03,0.0024924989810435963,0.04992493346058256
2019-06-04,0.004723863936219667,0.06873037127951272
2019-06-05,0.0021503732288399233,0.0463721169329148
2019-06-06,0.0014188044473632659,0.0376670206860493
2019-06-07,0.0011420167516927422,0.033793738350362215
2019-06-08,0.0008174257424368082,0.028590658307160545
2019-06-09,0.001216739974555278,0.0348818000475216
2019-06-10,0.0014827518247624166,0.03850651665319023
2019-06-11,0.0009804672633262953,0.03131241388533141
2019-06-12,0.0012603353221847958,0.0355012017005734
2019-06-13,5.792105217596214e-06,0.0024066792926346076
2019-06-14,0.0010135186875227513,0.031835808259297445
2019-06-15,0.0007223997189573331,0.02687749465551678
2019-06-16,0.0030752899263071626,0.055455296647905175
2019-06-17,0.0018996568995883895,0.04358505362608138
2019-06-18,0.0014598641724845294,0.03820816892347145
2019-06-19,0.0006398541780729934,0.025295339058273036
2019-06-20,0.0007141660012108268,0.02672388447084044
2019-06-21,0.00146540296828576,0.038280582130967654
2019-06-22,0.007167896501170179,0.08466343071935001
2019-06-23,0.0033869561861245958,0.05819756168538847
2019-06-24,0.001536559245731138,0.03919896995752743
2019-06-25,0.0023725658917481632,0.04870899189829495
2019-06-26,0.020421024639928953,0.14290215057839037
2019-06-27,0.01771319621210261,0.1330909321182424
2019-06-28,0.007824084148772562,0.08845385321608416
2019-06-29,0.005978058763803495,0.07731790713543335
2019-06-30,0.005574920450662898,0.07466538991167794
2019-07-01,1.6288335627089818e-05,0.004035881022415034
2019-07-02,0.009268209627833751,0.09627154111072364
2019-07-03,0.005513289328664541,0.07425152745004335
2019-07-04,0.003801635578231643,0.06165740489374851
2019-07-05,0.0038046021549241887,0.06168145714008537
2019-07-06,0.0028277210588773163,0.053176320471402645
2019-07-07,0.002091968453239931,0.04573804164194102
2019-07-08,3.414301361952751e-06,0.0018477828232648854
2019-07-09,0.0,0.0
2019-07-10,0.0,0.0
2019-07-11,0.0,0.0
2019-07-12,0.0,0.0
2019-07-13,0.0,0.0
2019-07-14,0.0,0.0
2019-07-15,0.0,0.0
2019-07-16,0.009598445482356534,0.09797165652553055
2019-07-17,0.004821145118245843,0.0694344663567442
2019-07-18,0.00625166584762703,0.07906747654773756
2019-07-19,0.004740824139192063,0.06885364288977064
2019-07-20,0.0024527765036449845,0.04952551366361569
2019-07-21,0.0018593017875011978,0.04311962183856902
2019-07-22,0.002516103603048936,0.050160777536327486
2019-07-23,0.0018502117817686841,0.04301408817781314
2019-07-24,0.002132387104883802,0.04617777717564805
2019-07-25,1.583091829638673e-06,0.0012582097717148254
2019-07-26,0.0015393510495151775,0.0392345644746463
2019-07-27,0.003344805144567782,0.05783429038699949
2019-07-28,0.002412733440833994,0.04911958306860915
2019-07-29,0.0015493750635284802,0.03936210186878338
2019-07-30,0.0009398415533105791,0.030656835344023674
2019-07-31,0.0009491209148613809,0.0308078060702378
2019-08-01,0.0009008825804744098,0.030014706070098537
2019-08-02,0.0008936684741062393,0.02989428831911272
2019-08-03,0.0009344560750128297,0.030568874284357114
2019-08-04,0.001065601533232906,0.032643552705441024
2019-08-05,0.0016255475234624565,0.040318079362271914
2019-08-06,0.0029243753615081376,0.054077494038723146
2019-08-07,0.003153237372689738,0.05615369420340694
2019-08-08,1.3653639645878839e-05,0.0036950831717133025
2019-08-09,0.0011859854252342518,0.03443813910817847
2019-08-10,0.0019436140093769397,0.044086437930240405
2019-08-11,0.0006182202710318683,0.02486403569479155
2019-08-12,0.0005211140211794906,0.022827921963671827
2019-08-13,0.0007531427754604459,0.027443446858229123
2019-08-14,0.001966205999853925,0.04434192147228089
2019-08-15,0.0027865684176021687,0.05278795712662282
2019-08-16,0.002984287516459317,0.054628632752974124
2019-08-17,0.0015617697606394954,0.03951923279416612
2019-08-18,0.0008313744928959645,0.028833565386472144
2019-08-19,0.0008326753902122105,0.02885611530009212
2019-08-20,0.0006758496072687027,0.025997107671214173
2019-08-21,0.0016089145545884825,0.04011127714980517
2019-08-22,8.32693325472825e-07,0.0009125203151014366
2019-08-23,0.0009934854978239016,0.031519604975695704
2019-08-24,0.0009702327602479546,0.03114855952123556
2019-08-25,0.0012087626814931446,0.034767264509781966
2019-08-26,0.0015951418716621218,0.03993922722915557
2019-08-27,0.0007547393956340457,0.027472520736802543
2019-08-28,0.0015959323292361414,0.03994912175800792
2019-08-29,0.0010641762432910054,0.03262171429111299
2019-08-30,0.0006417974688337594,0.025333721969615114
2019-08-31,0.0004637346057793938,0.02153449803871439
2019-09-01,0.0005087001601350553,0.022554382282276218
2019-09-02,0.0007504097841730799,0.02739360845476696
2019-09-03,0.001019014694175205,0.03192200955728203
2019-09-04,0.0009093526038911682,0.030155473862819138
2019-09-05,3.610151275455532e-06,0.0019000398089133639
2019-09-06,0.0,0.0
2019-09-07,0.0009379164728422905,0.030625422002680886
2019-09-08,0.0006776939996140759,0.02603255653242831
2019-09-09,0.0009808587245804445,0.03131866415702376
2019-09-10,0.0008099511996707806,0.028459641594208114
2019-09-11,0.0007585022709994777,0.027540919937421804
2019-09-12,0.0004491847188884006,0.021193978363874977
2019-09-13,0.0004226499983903835,0.02055845321006382
2019-09-14,0.00037099789348995745,0.019261305601904494
2019-09-15,0.0002107435036278171,0.014517007392290502
2019-09-16,0.0005001861919842089,0.022364842766811683
2019-09-17,0.00029675500807098783,0.017226578536406696
2019-09-18,0.0002629338821321725,0.016215236110898062
2019-09-19,1.4883768944356112e-07,0.0003857948800121136
2019-09-20,0.00041009785666061544,0.020250872985148452
2019-09-21,0.0004939141158914247,0.022224178632548486
2019-09-22,0.0004496767520506618,0.02120558303963043
2019-09-23,0.000992224622123692,0.03149959717399085
2019-09-24,0.00800723827740621,0.08948317315230954
2019-09-25,0.0024118871597708686,0.04911096781545716
2019-09-26,0.0041923011433701,0.06474798177063205
2019-09-27,0.0012371498372919145,0.03517314085053984
2019-09-28,0.0010095790514288011,0.03177387372400163
2019-09-29,0.0007842987007409854,0.028005333433847656
2019-09-30,0.0017831365437155345,0.04222720146677417
2019-10-01,0.0010845573253878001,0.03293261795527043
2019-10-02,0.0006909208008167039,0.026285372373559858
2019-10-03,4.55700484089558e-06,0.0021347142293280334
2019-10-04,0.0011442227943415705,0.033826362416635496
2019-10-05,0.00039106142466850403,0.019775273061793712
2019-10-06,0.0011183016960944663,0.03344101816773028
2019-10-07,0.0008571343957526108,0.02927685768235059
2019-10-08,0.0004453780714311535,0.021103982359525264
2019-10-09,0.0012636842034629346,0.0355483361560416
2019-10-10,0.00040123043975888315,0.02003073737431758
2019-10-11,0.0012547632866280792,0.035422638052918634
2019-10-12,0.0003160276784567693,0.017777167335005017
2019-10-13,0.0007341597933035197,0.027095383247031583
2019-10-14,0.00050419975245953,0.022454392720791406
2019-10-15,0.0007881396195102064,0.02807382445464469
2019-10-16,0.00040946848087154854,0.020235327545447556
2019-10-17,0.0002449503606545202,0.015650890091445924
2019-10-18,0.0005743563242221445,0.023965732290546528
2019-10-19,0.0005704698843420465,0.023884511390062944
2019-10-20,0.0005347089124267575,0.023123773749687947
2019-10-21,0.0003551995733667179,0.01884673906453628
2019-10-22,0.000424263898779438,0.02059766731402947
2019-10-23,0.002319777228237839,0.04816406573616724
2019-10-24,4.872303664668415e-06,0.002207329532414319
2019-10-25,0.0037321505604811715,0.061091329666992614
2019-10-26,0.01345480997016885,0.11599487044765751
2019-10-27,0.003884675247602158,0.062327162999788126
2019-10-28,0.002363081333760652,0.04861153498667422
2019-10-29,0.0020554118455404177,0.04533665013584945
2019-10-30,0.0013011776678601627,0.036071840372514444
2019-10-31,0.0011738865853284169,0.03426202833062306
2019-11-01,0.001027478537376672,0.03205430606606033
2019-11-02,0.00044898607169867116,0.021189291439278266
2019-11-03,0.00032145272722537005,0.01792910280034587
2019-11-04,0.0006855913056518398,0.026183798533670394
2019-11-05,0.0006345504836812729,0.02519028550217867
2019-11-06,0.000320634095866947,0.01790625856696331
2019-11-07,0.0003689198336057526,0.019207285951059107
2019-11-08,0.0011342078676233151,0.03367800272616111
2019-11-09,0.0003339519913366245,0.018274353376703224
2019-11-10,0.0011638165401016943,0.034114755460089324
2019-11-11,0.0007930260579436892,0.028160718349212778
2019-11-12,2.060784131693582e-06,0.001435543148670071
2019-11-13,0.0006592213352330225,0.025675305942345118
2019-11-14,0.00032741283838366703,0.018094552726819944
2019-11-15,0.0009984593653142553,0.03159840763890256
2019-11-16,0.00018386670152550168,0.01355974562908544
2019-11-17,0.00044833228056913223,0.021173858424225193
2019-11-18,0.0006604449230330697,0.025699123001244027
2019-11-19,0.00043410823099091807,0.02083526412097812
2019-11-20,0.00031295302453848554,0.01769047835810229
2019-11-21,3.1335291229561545e-08,0.00017701777094281113
2019-11-22,0.008734236391725696,0.09345713665486279
2019-11-23,0.0010659004980459832,0.03264813161646441
2019-11-24,0.0015609906481923357,0.039509374181228636
2019-11-25,0.005048640344620206,0.07105378487188564
2019-11-26,0.001852016692760911,0.04303506352686041
2019-11-27,0.0028142161726056373,0.053049186351966204
2019-11-28,0.0009869774567411469,0.03141619736284369
2019-11-29,0.0013852287982677601,0.037218661962351095
2019-11-30,0.0007339903088637561,0.027092255514514774
2019-12-01,0.0011579128565916944,0.03402811861669249
2019-12-02,0.0009530420306125768,0.030871378825905668
2019-12-03,0.00047970363623217236,0.02190213770918657
2019-12-04,0.0036667076777701663,0.06055334571904484
2019-12-05,0.0014311854468320015,0.03783101170775111
2019-12-06,0.0010451345084710021,0.03232854015372488
2019-12-07,0.00029268856636298596,0.017108143276316864
2019-12-08,0.0003246250827210014,0.018017355042319654
2019-12-09,0.0008246020275925195,0.028715884586627653
2019-12-10,0.00045513206240049766,0.021333824373527068
2019-12-11,0.00031556482513170304,0.017764144368128263
2019-12-12,9.278508447628315e-05,0.00963250146515863
2019-12-13,0.0002396068663673985,0.015479239851084372
2019-12-14,0.0003492300240664606,0.018687697131173242
2019-12-15,0.0004021099908140247,0.020052680389763974
2019-12-16,0.0007089841628436495,0.0266267565212823
2019-12-17,0.0009915960814663595,0.03148961863005583
2019-12-18,0.00314354272117966,0.05606730527838537
2019-12-19,3.147562537001228e-05,0.005610314195302459
2019-12-20,0.00115748686767928,0.034021858674670905
2019-12-21,0.00014422386390648573,0.012009324040364875
2019-12-22,0.0007817300105576903,0.02795943509010313
2019-12-23,0.0012623667305441456,0.03552980059814782
2019-12-24,0.0008124372821678513,0.028503285462694494
2019-12-25,0.0004780707334020768,0.021864828684489544
2019-12-26,0.0006472136810772571,0.025440394672199114
2019-12-27,0.0004785380448899705,0.02187551244862553
2019-12-28,0.00035734004433567813,0.018903440013280072
2019-12-29,0.0003268090763690774,0.018077861498780143
2019-12-30,0.00027768711105318,0.016663946442940218
2019-12-31,0.0003185351397245151,0.017847552765701945
2020-01-01,0.0002346581338303327,0.015318555213541932
2020-01-02,0.00040637337455641607,0.020158704684488438
2020-01-03,0.0018810860444776517,0.04337148884322109
2020-01-04,0.00035392846791616907,0.01881298668250656
2020-01-05,0.0003605723066450109,0.018988741576129023
2020-01-06,0.0007271312414998001,0.026965371154497392
2020-01-07,0.001362988751763569,0.03691867754624438
2020-01-08,0.0022085689485525158,0.046995414122577066
2020-01-09,4.5263491158825493e-07,0.0006727814738741361
2020-01-10,0.002200608101986487,0.04691063953930374
2020-01-11,0.0008981828155110776,0.029969698288622754
2020-01-12,0.00040640479579164435,0.020159484016007066
2020-01-13,0.00028041046461097646,0.01674546101518189
2020-01-14,0.0019531514205102405,0.04419447273709961
2020-01-15,0.0014145935190684115,0.037611082396926725
2020-01-16,0.0007514939698825341,0.027413390339075795
2020-01-17,0.000985638731260869,0.0313948838389453
2020-01-18,0.00043765000341983704,0.0209200861236238
2020-01-19,0.002677297834067125,0.05174261139590004
2020-01-20,0.0005475550293220345,0.02339989378869132
2020-01-21,0.0007860394804593162,0.02803639563958456
2020-01-22,0.0003295795420375703,0.01815432571145429
2020-01-23,1.3721584935831652e-07,0.0003704265775539284
2020-01-24,0.0016507212722983997,0.04062906930140536
2020-01-25,0.000337323597920338,0.018366371386867305
2020-01-26,0.0004516127931037,0.02125118333419812
2020-01-27,0.0006941881452466812,0.026347450450597325
2020-01-28,0.0012118981029538363,0.034812326882209935
2020-01-29,0.0009362298307053151,0.030597872976815155
2020-01-30,0.0009157227926546372,0.03026091196006223
2020-01-31,0.0005098185572201791,0.02257916201324086
2020-02-01,0.00032543980330090394,0.018039950202284483
2020-02-02,0.0005324163842086823,0.02307414969633079
2020-02-03,0.0011787364315131398,0.03433273119798569
2020-02-04,0.0005148145734316876,0.02268952563258403
2020-02-05,0.0007178230502121095,0.026792219956773076
2020-02-06,3.1343125128682586e-06,0.0017703989699692719
2020-02-07,0.0005678799715504526,0.023830232301646843
2020-02-08,0.0004551344057394956,0.0213338792942
2020-02-09,0.00042853810933407533,0.020701162028593355
2020-02-10,0.001193748593296929,0.03455066704561475
2020-02-11,0.0008964821515155697,0.02994131178682006
2020-02-12,0.0008242467704704477,0.02870969819539118
2020-02-13,0.001888762051257439,0.0434598901431819
2020-02-14,0.0005957730953629605,0.02440846360103316
2020-02-15,0.0010107007105308755,0.03179151947502471
2020-02-16,0.000774169773057361,0.02782390650245506
2020-02-17,0.0012695404854816338,0.035630611634964025
2020-02-18,0.0010953215250954107,0.033095642086163106
2020-02-19,0.0024648918234210005,0.04964767691867365
2020-02-20,4.4607169440722205e-06,0.0021120409428020616
2020-02-21,0.0006753018546997503,0.025986570660626814
2020-02-22,0.00020388057744483517,0.014278675619427566
2020-02-23,0.0004401588550251822,0.02097996317978614
2020-02-24,0.0009546607657531175,0.030897585111997306
2020-02-25,0.0010196271238621403,0.0319316007093622
2020-02-26,0.002110930629231367,0.04594486510189542
2020-02-27,0.0016275221651953998,0.040342560221128754
2020-02-28,0.0018750533879911787,0.04330188665625528
2020-02-29,0.0006566747504914457,0.025625665854596746
2020-03-01,0.0011357198584738427,0.03370044300115123
2020-03-02,0.0007456214738722898,0.027306070275165736
2020-03-03,0.0007176757416594708,0.026789470723765165
2020-03-04,0.00047536620498356903,0.02180289441756688
2020-03-05,0.000628323046660454,0.02506637282616801
2020-03-06,0.0003580077102009205,0.018921091675717882
2020-03-07,0.0005330389069193676,0.023087635368728595
2020-03-08,0.0014854798136149912,0.03854192280640642
2020-03-09,0.0033070496636576317,0.0575069531766171
2020-03-10,0.0017798470943972255,0.04218823407535833
2020-03-11,0.0016014525829233129,0.040018153167322865
2020-03-12,0.07178805702718781,0.2679329338233503
2020-03-13,0.1170052432213525,0.3420602917927664
2020-03-14,0.01232960101145546,0.11103873653574892
2020-03-15,0.011393888533305174,0.1067421591186218
2020-03-16,0.026166822162529767,0.16176162141413447
2020-03-17,0.009052049399620966,0.09514225874773505
2020-03-18,0.0073865322823506475,0.08594493750274444
2020-03-19,0.0075609106733726195,0.08695349718885732
2020-03-20,0.013022351993429658,0.1141155203880246
2020-03-21,0.006962231205505509,0.08343998565139803
2020-03-22,0.005706105639958579,0.07553876911863588
2020-03-23,0.008067013386827852,0.08981655408012407
2020-03-24,0.004983602543421138,0.07059463537281808
2020-03-25,0.0038684464479068967,0.062196836317508115
2020-03-26,7.842392358178603e-05,0.008855728292003207
2020-03-27,0.002237489857045034,0.047302112606574284
2020-03-28,0.002771466648317639,0.0526447209919251
2020-03-29,0.0015723744587769937,0.03965317715867158
2020-03-30,0.0023551012765855132,0.048529385701711836
2020-03-31,0.0012002667432105705,0.0346448660440558
2020-04-01,0.002079735243125929,0.04560411432234957
2020-04-02,0.004055506385772423,0.06368285786436113
2020-04-03,0.002201054060109483,0.046915392571196535
2020-04-04,0.0024657837119523374,0.04965665828418519
2020-04-05,0.0009098161527611517,0.030163158865761253
2020-04-06,0.0017435300139543777,0.04175559859413319
2020-04-07,0.0016505403035974601,0.04062684215635594
2020-04-08,0.001215828872340195,0.034868737750887904
2020-04-09,6.798204470754667e-06,0.0026073366623347027
2020-04-10,0.0017034585610318327,0.0412729761591266
2020-04-11,0.0005626637261783159,0.023720533851039605
2020-04-12,0.0010231185073457413,0.03198622371186917
2020-04-13,0.0024625542539757493,0.049624129755349355
2020-04-14,0.0010185127479546614,0.031914146517722536
2020-04-15,0.0009456589552103837,0.03075156833740978
2020-04-16,0.0033885679166066186,0.05821140710038385
2020-04-17,0.0008997530385822765,0.029995883693971687
2020-04-18,0.0007821925033965245,0.02796770465012323
2020-04-19,0.0007306094553183947,0.027029788295848612
2020-04-20,0.0014412119155338382,0.03796329695289699
2020-04-21,0.0009519085006613213,0.03085301445015254
2020-04-22,0.0006391233469928212,0.02528088896761388
2020-04-23,7.686617450265753e-07,0.000876733565586818
2020-04-24,0.004256526977096327,0.06524206447604435
2020-04-25,0.0006987148865040317,0.026433215591449174
2020-04-26,0.0006090449797023858,0.024678836676439712
2020-04-27,0.0007811489794233428,0.027949042549313612
2020-04-28,0.0004124765281236688,0.02030951816571897
2020-04-29,0.003508110011684844,0.05922930028022317
2020-04-30,0.004896283847813894,0.06997345102118299
2020-05-01,0.0016544905457761435,0.04067542926357561
2020-05-02,0.0008063606721617806,0.028396490490231015
2020-05-03,0.0017152016676122064,0.041414993270700966
2020-05-04,0.001202262831235997,0.03467366192423288
2020-05-05,0.0013043418812769979,0.03611567362346988
2020-05-06,0.0014949700245540291,0.03866484222849007
2020-05-07,0.002219939287903177,0.04711623168190743
2020-05-08,0.001181013029092716,0.03436587011982551
2020-05-09,0.001053783208971679,0.03246202718518483
2020-05-10,0.012706054776028762,0.1127211372193732
2020-05-11,0.006192877154031078,0.07869483562490666
2020-05-12,0.001818393787763823,0.04264262876235262
2020-05-13,0.0012061425780374737,0.03472956345878067
2020-05-14,8.551714386343687e-06,0.0029243314426281586
2020-05-15,0.005024087534585889,0.07088079806679584
2020-05-16,0.0013000342476072208,0.03605598768037316
2020-05-17,0.0011391177064609267,0.03375081786358557
2020-05-18,0.0014922592410459325,0.03862977143403689
2020-05-19,0.0012848985626120557,0.0358454817600776
2020-05-20,0.0012668178502817688,0.03559238472316471
2020-05-21,0.001708291701173347,0.04133148559117307
2020-05-22,0.0008402967701366263,0.02898787281151596
2020-05-23,0.0004683296208092371,0.021640924675467015
2020-05-24,0.001120174467412702,0.0334690075653985
2020-05-25,0.0009709543448654484,0.031160140321658508
2020-05-26,0.0007337554576369574,0.027087920880661132
2020-05-27,0.0006851810809711792,0.0261759638021445
2020-05-28,4.817080027025032e-07,0.0006940518732072576
2020-05-29,0.0016680167490200157,0.04084136076356927
2020-05-30,0.0008028399337753403,0.02833443018264776
2020-05-31,0.0006842172983759645,0.02615754763688608
2020-06-01,0.0015775106370731254,0.03971788812453559
2020-06-02,0.003528049624339387,0.05939738735280692
2020-06-03,0.0005686312467964332,0.023845990161795196
2020-06-04,0.0009064231182027284,0.030106861646520523
2020-06-05,0.0008036521259221778,0.02834875880743596
2020-06-06,0.0004948757390564676,0.02224580272897491
2020-06-07,0.000688443989055135,0.026238216194229648
2020-06-08,0.00038717650237846005,0.019676801121586304
2020-06-09,0.0009944399787111104,0.031534742407559165
2020-06-10,0.0006523035793232009,0.025540234519737692
2020-06-11,0.0016132115926106097,0.04016480539739499
2020-06-12,0.00046882183828765594,0.02165229406524066
2020-06-13,0.00024530224907563797,0.015662127859126868
2020-06-14,0.0003131122504816147,0.017694978114753766
2020-06-15,0.0009769487481166423,0.03125617935891465
2020-06-16,0.000515608972610402,0.022707024741484783
2020-06-17,0.00047531048359600065,0.021801616536303005
2020-06-18,2.641615303603834e-07,0.0005139664681284017
2020-06-19,0.0004952334877003435,0.022253842088510098
2020-06-20,0.00035949555893905773,0.018960368111908
2020-06-21,0.00017546179711027264,0.013246199345860406
2020-06-22,0.0003351008059058656,0.01830575881808415
2020-06-23,0.00022214694166749108,0.01490459464955324
2020-06-24,0.0007035641097598029,0.026524782935206142
2020-06-25,0.0006505673444583255,0.02550622168135307
2020-06-26,0.0006738686284131978,0.025958979725967616
2020-06-27,0.0007115092947613242,0.026674131565269828
2020-06-28,0.00030456813984301755,0.017451880696446945
2020-06-29,0.0003302890834472111,0.01817385714280849
2020-06-30,0.00020545988881753358,0.014333872080409173
2020-07-01,0.0002689303381210942,0.016399095649489156
2020-07-02,6.864639714833604e-08,0.00026200457467062677
2020-07-03,0.00039353274488224257,0.019837659763244316
2020-07-04,0.00020755444455631088,0.014406749965079247
2020-07-05,0.0003090858734563532,0.01758083824669214
2020-07-06,0.0002793294047843125,0.01671315065403027
2020-07-07,0.0001786398607515733,0.01336562234808291
2020-07-08,0.0002754825277235077,0.016597666333659913
2020-07-09,0.0003737111141307597,0.019331609196617847
2020-07-10,0.00019211745405007554,0.013860644070535666
2020-07-11,0.0001918372415220675,0.013850532174688
2020-07-12,0.0003097626998596004,0.0176000767003897
2020-07-13,0.00021797980299424448,0.014764139087472879
2020-07-14,0.0002866284970226184,0.01693010623187635
2020-07-15,0.00012149012834849185,0.011022256046222654
2020-07-16,2.535291108092231e-07,0.0005035167433256049
2020-07-17,0.0001428560363392918,0.01195223980429157
2020-07-18,8.237877085229255e-05,0.009076275163980681
2020-07-19,0.00011715670014320937,0.010823894869371624
2020-07-20,9.439041499600349e-05,0.00971547296820919
2020-07-21,0.00019378439528976163,0.013920646367527682
2020-07-22,0.00020181841286151387,0.014206280754001516
2020-07-23,0.00034957423691968397,0.01869690447426215
2020-07-24,0.00022172281547789633,0.014890359816938486
2020-07-25,0.00027720993862943264,0.016649622777391463
2020-07-26,0.0006440948392440534,0.025379023606987985
2020-07-27,0.003893882150637416,0.062400978763457036
2020-07-28,0.002443812011524499,0.04943492704075226
2020-07-29,0.001440453005432092,0.0379533003233196
2020-07-30,0.000643958935337877,0.025376345980812072
2020-07-31,0.0009219486696992399,0.030363607652899874
2020-08-01,0.001143086367164394,0.03380956029238467
2020-08-02,0.0061032759970566595,0.0781234663661096
2020-08-03,0.0007526303690675892,0.02743410959130238
2020-08-04,0.0006801871379464653,0.026080397580298988
2020-08-05,0.0008216822007199211,0.028664999576485627
2020-08-06,0.0006344956453579458,0.025189196997084797
2020-08-07,0.000783962914961943,0.027999337759346078
2020-08-08,0.0005523508083142979,0.023502144759878787
2020-08-09,0.0004550137532755858,0.021331051387017606
2020-08-10,0.001769761375098464,0.04206853188665447
2020-08-11,0.0012913250102261444,0.03593501092564387
2020-08-12,0.0006955940461886949,0.02637411697457746
2020-08-13,0.0010303947739818927,0.03209976283373279
2020-08-14,0.00047704213244895356,0.021841294202701304
2020-08-15,0.0006535212103343047,0.025564060912427522
2020-08-16,0.0003697946783512179,0.019230046238925633
2020-08-17,0.001689643404000254,0.041105272216593505
2020-08-18,0.0010841352155079196,0.03292620864156576
2020-08-19,0.0009233236806891421,0.03038624163481134
2020-08-20,2.2483877673054945e-07,0.0004741716743232871
2020-08-21,0.0006319871913925725,0.02513935542913884
2020-08-22,0.000380466958664228,0.019505562249374612
2020-08-23,0.00025953734268752533,0.016110162714495634
2020-08-24,0.00020239250717939434,0.014226472056676397
2020-08-25,0.0007341903009482868,0.027095946208765008
2020-08-26,0.00045757723785023373,0.0213910550896919
2020-08-27,2.0139756147406773e-07,0.0004487733965756746
2020-08-28,0.0005990308414781365,0.0244751065672478
2020-08-29,0.00023105656554934755,0.015200544909619114
2020-08-30,0.00023435967487883802,0.015308810367851514
2020-08-31,0.00029675619189563064,0.017226612896783587
2020-09-01,0.0005139049607522881,0.022669471999856725
2020-09-02,0.0009647692380108777,0.03106073466630945
2020-09-03,0.0035006974483644017,0.059166692051900296
2020-09-04,0.0027358493843727336,0.05230534756956246
2020-09-05,0.00359075661280869,0.05992292226526248
2020-09-06,0.0013149473683565615,0.03626220302679584
2020-09-07,0.0014904719343986632,0.03860663070508307
2020-09-08,0.00190702828435224,0.04366953496835339
2020-09-09,0.0005922254399322994,0.024335682442296527
2020-09-10,7.807641915238397e-08,0.0002794215796111388
2020-09-11,0.0005695628258398324,0.02386551541114988
2020-09-12,0.00023358091270827048,0.015283354105309163
2020-09-13,0.0004701041168825415,0.021681884532543327
2020-09-14,0.0005625813068751717,0.023718796488759113
2020-09-15,0.0007265863820069278,0.02695526631304035
2020-09-16,0.0006541955469735175,0.025577246665220193
2020-09-17,0.00043446841805722575,0.020843906017280586
2020-09-18,0.00031192580086846205,0.01766142125845092
2020-09-19,0.0003634028445038392,0.0190631278782848
2020-09-20,0.00039067435675981313,0.019765483974843952
2020-09-21,0.0009047949028534357,0.030079808889908785
2020-09-22,0.0005459805307441134,0.023366226283765067
2020-09-23,0.0004974323696377637,0.02230319191590665
2020-09-24,1.7909745727037804e-08,0.00013382729813845082
2020-09-25,0.0030018302363763426,0.05478896089885574
2020-09-26,0.00030690679026185847,0.017518755385639087
2020-09-27,0.00027529650239332764,0.01659206142687905
2020-09-28,0.0004926834759624287,0.022196474403887403
2020-09-29,0.0003073356245028672,0.01753099040279434
2020-09-30,0.00027609300730808105,0.016616046681087564
2020-10-01,0.0005575331993159425,0.023612140930376103
2020-10-02,0.000517918452829148,0.022757821794476465
2020-10-03,0.0001653038008118044,0.012857052570935704
2020-10-04,0.00020399298296125905,0.014282611209483336
2020-10-05,0.00020164608947673902,0.014200214416576217
2020-10-06,0.0003786043904487668,0.01945775913225279
2020-10-07,0.0001971952958959668,0.01404262425246673
2020-10-08,0.0003518987810899909,0.018758965352331958
2020-10-09,0.00025729933357503283,0.01604055278271397
2020-10-10,0.0007718929579466282,0.027782961648222967
2020-10-11,0.0002628801274691082,0.016213578490546377
2020-10-12,0.0006859409767089305,0.026190474923317646
2020-10-13,0.0004075221570305476,0.020187178035340838
2020-10-14,0.00036802246236120766,0.01918391155007778
2020-10-15,0.00040143880957140416,0.020035937950877273
2020-10-16,0.0004031581526489976,0.02007879858579685
2020-10-17,0.0001808172662066091,0.013446831084185193
2020-10-18,0.00014525253216971846,0.01205207584483762
2020-10-19,0.00039486789393423927,0.019871283147654035
2020-10-20,0.0005583880993261746,0.02363023697143502
2020-10-21,0.0019119230600871256,0.043725542421874264
2020-10-22,0.001091702577954403,0.033040922776980716
2020-10-23,0.00048215536917660146,0.021958036551035284
2020-10-24,0.00022580091618037035,0.015026673490176405
2020-10-25,0.0007055428496722149,0.02656205657836409
2020-10-26,0.0006086066364499046,0.02466995412338468
2020-10-27,0.0008563946098321182,0.02926422064282796
2020-10-28,0.001109236506117885,0.03330520238818382
2020-10-29,0.0008305945518172453,0.0288200373319891
2020-10-30,0.001023649844252363,0.031994528348646786
2020-10-31,0.0010609501763120294,0.032572230140290204
2020-11-01,0.0005050959848859882,0.0224743405884575
2020-11-02,0.0006970780077418989,0.026402234900513608
2020-11-03,0.000848460695494982,0.02912834865719274
2020-11-04,0.001325301114298495,0.03640468533442495
2020-11-05,0.0019320470800526914,0.043955057502552436
2020-11-06,0.002117255927764451,0.04601364936368828
2020-11-07,0.0020169951379279,0.04491096901568591
2020-11-08,0.000848762112409207,0.0291335221421854
2020-11-09,0.002036798944515629,0.045130908970633744
2020-11-10,0.0007521073451179831,0.02742457556860239
2020-11-11,0.0008324246810188393,0.028851770847191326
2020-11-12,7.919855396118518e-07,0.0008899356940879783
2020-11-13,0.002152049789429398,0.04639019065954998
2020-11-14,0.0006844143669770043,0.026161314320519224
2020-11-15,0.0005132541940090109,0.022655114080688512
2020-11-16,0.0007191565059910469,0.02681709354108023
2020-11-17,0.001454445829248589,0.038137197448797795
2020-11-18,0.003812094049600876,0.06174215779838664
2020-11-19,0.001332224737209209,0.03649965393273214
2020-11-20,0.001178008943589499,0.03432213489265344
2020-11-21,0.0011215748737972786,0.03348992197359198
2020-11-22,0.0013791036865094751,0.037136285308434866
2020-11-23,0.0017676502747957519,0.042043433194682754
2020-11-24,0.0018467314750958456,0.0429736137076677
2020-11-25,0.0017353359938659945,0.04165736422129939
2020-11-26,0.007319620573070291,0.08555478112338487
2020-11-27,0.0027285877196437554,0.05223588536287822
2020-11-28,0.001094932504313341,0.033089764343575204
2020-11-29,0.0009950055660016429,0.031543708818108925
2020-11-30,0.0022973447280964236,0.04793062411544861
2020-12-01,0.005380797394711822,0.07335391874134484
2020-12-02,0.0023144425682344646,0.04810865377699177
2020-12-03,0.0011001395286823867,0.03316835131088651
2020-12-04,0.0012899250562317286,0.03591552667345599
2020-12-05,0.0006450505762359811,0.025397845897555588
2020-12-06,0.0005111804671955077,0.022609300457898024
2020-12-07,0.00045342601886805804,0.021293802358152432
2020-12-08,0.0010982764251817692,0.03314025384908464
2020-12-09,0.0013212722917847308,0.03634930937149605
2020-12-10,2.4101652064548376e-06,0.0015524706781304559
2020-12-11,0.0012398621816728508,0.03521167678019396
2020-12-12,0.0005139216008134296,0.02266983901163459
2020-12-13,0.0005776410376441461,0.024034163968071495
2020-12-14,0.0005211838521792466,0.022829451420900298
2020-12-15,0.0006032179147527844,0.024560495002193757
2020-12-16,0.0016612403960102556,0.040758316893736615
2020-12-17,0.005480128499953232,0.0740278900141915
2020-12-18,0.0014689678906195938,0.03832711690982761
2020-12-19,0.001417379610369848,0.03764810234752673
2020-12-20,0.0015673825634166191,0.03959018266460284
2020-12-21,0.0031358104659911885,0.05599830770649403
2020-12-22,0.0018513005564071686,0.04302674234016757
2020-12-23,0.002911925044593671,0.0539622557404124
2020-12-24,0.0017102656772946259,0.04135535850763025
2020-12-25,0.001793933980702101,0.04235485781704504
2020-12-26,0.0020408325795720334,0.04517557503310869
2020-12-27,0.005295354016287228,0.07276918314978689
2020-12-28,0.002235709377341596,0.04728328856310225
2020-12-29,0.0018037325450431581,0.04247037255597316
2020-12-30,0.0024633286245376905,0.04963193150117866
2020-12-31,0.00223270408220772,0.04725149820066788
2021-01-01,0.0012214517674069576,0.034949274204294396
2021-01-02,0.004736313328456136,0.06882087857951347
2021-01-03,0.004987884964219261,0.07062495992366481
2021-01-04,0.011695638796667155,0.1081463767153905
2021-01-05,0.006007254201725836,0.07750647845003562
2021-01-06,0.005473349743919812,0.07398209069713975
2021-01-07,0.007825425000055728,0.08846143227449875
2021-01-08,0.009378248144413761,0.09684135554820451
2021-01-09,0.003997048160951292,0.06322221255975854
2021-01-10,0.007549916660957854,0.08689025642129188
2021-01-11,0.030910315052893444,0.17581329600713777
2021-01-12,0.009592496076698367,0.09794128892708308
2021-01-13,0.006713421607066357,0.08193547221482499
2021-01-14,0.003564028256103353,0.059699482879697986
2021-01-15,0.006254561580491332,0.07908578621023712
2021-01-16,0.004305825444555985,0.06561878880744436
2021-01-17,0.003927005415266949,0.0626658233430867
2021-01-18,0.0029778570186826275,0.05456974453561816
2021-01-19,0.002621327942813786,0.05119890567984618
2021-01-20,0.0038267010584824863,0.06186033509836886
2021-01-21,0.00838969610242012,0.09159528428047002
2021-01-22,0.006933709002278934,0.08326889576714065
2021-01-23,0.0032774435679599283,0.05724896128280345
2021-01-24,0.0021496911132054836,0.04636476154587106
2021-01-25,0.003420624737874115,0.05848610722106674
2021-01-26,0.004368147025033752,0.06609195885305377
2021-01-27,0.0055127555699634985,0.07424793310229921
2021-01-28,0.0033278079049755987,0.05768715545921465
2021-01-29,0.015364949473144806,0.12395543341517873
2021-01-30,0.004544997929461131,0.06741659980643588
2021-01-31,0.0025746691337571164,0.05074119759876698
2021-02-01,0.0032322746190433585,0.05685309682896226
2021-02-02,0.0020431848787835047,0.0452016026129993
2021-02-03,0.0019228228336956683,0.04385000380496755
2021-02-04,0.002841888943667979,0.05330937013009982
2021-02-05,0.001697393344175427,0.04119943378464596
2021-02-06,0.0021842691098068563,0.04673616490264104
2021-02-07,0.0026800857530216134,0.05176954464761703
2021-02-08,0.006486782279468433,0.08054056294481951
2021-02-09,0.004543089600278647,0.06740244506157508
2021-02-10,0.0031105783235330755,0.05577255887560723
2021-02-11,0.0034542422135301425,0.05877280164778724
2021-02-12,0.0027741815407191428,0.052670499719664164
2021-02-13,0.0017469178810238122,0.041796146724594266
2021-02-14,0.0014107969478639357,0.03756057704380932
2021-02-15,0.002760797201818247,0.052543288837093624
2021-02-16,0.0029738923877516395,0.05453340616311839
2021-02-17,0.0019508096375346036,0.04416797072013388
2021-02-18,0.0010809398885994368,0.03287765029012014
2021-02-19,0.0017952586460259123,0.04237049263374114
2021-02-20,0.002488876188585303,0.04988863787061441
2021-02-21,0.0013093939928257195,0.036185549502884704
2021-02-22,0.0093899753440769,0.09690188514201827
2021-02-23,0.018147546194279784,0.13471282861806363
2021-02-24,0.0051676925881262445,0.0718866648838729
2021-02-25,0.004171024730476391,0.06458347103149839
2021-02-26,0.007821914801399241,0.08844158977200287
2021-02-27,0.003012112152755672,0.05488271269494313
2021-02-28,0.004733939849760136,0.0688036325331747
2021-03-01,0.0025386572823635663,0.050385089881467574
2021-03-02,0.002376902116850326,0.0487534831253145
2021-03-03,0.0020876552230453846,0.045690865860097074
2021-03-04,0.00398076585235914,0.06309331067838443
2021-03-05,0.0028727767119204784,0.05359829019586799
2021-03-06,0.0014658221334012088,0.03828605664470042
2021-03-07,0.001479836448403922,0.03846864240396224
2021-03-08,0.0018217118103607453,0.042681516026972906
2021-03-09,0.0014648522784242528,0.03827338864569288
2021-03-10,0.002343270767607446,0.04840734208369063
2021-03-11,0.0022168989999801158,0.047083956927812635
2021-03-12,0.002145417677884124,0.04631865367089294
2021-03-13,0.0017865685188824523,0.0422678189510939
2021-03-14,0.0011999402397527127,0.03464015357576685
2021-03-15,0.003517849878615325,0.05931146498456538
2021-03-16,0.0028502099547069665,0.05338735762993863
2021-03-17,0.0021063242354628455,0.04589470814225585
2021-03-18,0.0015456054055423079,0.03931418834902112
2021-03-19,0.0016105020010273511,0.04013106030280475
2021-03-20,0.001194153242123396,0.03455652242520066
2021-03-21,0.0016715831728001621,0.04088499936162605
2021-03-22,0.0018966891547405901,0.04355099487658795
2021-03-23,0.0019437456670341375,0.04408793108135307
2021-03-24,0.0025999138024748757,0.05098934989264793
2021-03-25,0.0032642067184011237,0.057133236547574684
2021-03-26,0.0014068091974719775,0.03750745522522126
2021-03-27,0.0010595033566758497,0.032550013159380595
2021-03-28,0.0008830175504248173,0.029715611224149795
2021-03-29,0.001213952862382119,0.03484182633534182
2021-03-30,0.0007717889118686625,0.027781089105156812
2021-03-31,0.0017436733096680905,0.04175731444511357
2021-04-01,0.0009763475384581099,0.031246560426039054
2021-04-02,0.0007189367758794661,0.026812996398751596
2021-04-03,0.0008856999719351748,0.029760711885557692
2021-04-04,0.0007442637157375819,0.027281197109686774
2021-04-05,0.0006366801969845657,0.02523252260445962
2021-04-06,0.0007559250960603314,0.027494092021020287
2021-04-07,0.001669123219445931,0.040854904472363306
2021-04-08,0.0007227592528307637,0.026884182204983727
2021-04-09,0.0005066434203346132,0.022508740976221065
2021-04-10,0.0010542977064216346,0.032469950822593414
2021-04-11,0.0007273977753032801,0.026970312851416465
2021-04-12,0.0007708872293053437,0.027764856010888003
2021-04-13,0.0009302958725083129,0.030500751999062464
2021-04-14,0.0019208111198971115,0.04382705922027066
2021-04-15,0.0007867103378741162,0.02804835713324608
2021-04-16,0.0013714285763644514,0.037032804057544055
2021-04-17,0.0008622698725528444,0.029364432099954603
2021-04-18,0.010190133775980846,0.10094619247886889
2021-04-19,0.002177483410264164,0.04666351262243514
2021-04-20,0.002519220948638538,0.05019184145494702
2021-04-21,0.0017174899497554295,0.04144261031541606
2021-04-22,0.004284354966630015,0.06545498427644769
2021-04-23,0.0070136760977399905,0.0837476930890636
2021-04-24,0.0020405385750532352,0.04517232089513705
2021-04-25,0.0018698965715417955,0.043242300719802076
2021-04-26,0.0022625603409410166,0.04756637826176192
2021-04-27,0.0010208346122890313,0.0319505025357823
2021-04-28,0.0014337092010653905,0.03786435264289343
2021-04-29,0.0012195185117248536,0.03492160522835188
2021-04-30,0.0010707881661521361,0.03272289972102314
2021-05-01,0.0007876320626488934,0.028064783317333725
2021-05-02,0.0008664879742558176,0.029436167791609995
2021-05-03,0.0011400189533016766,0.03376416670527612
2021-05-04,0.0027559578137879475,0.0524972172004188
2021-05-05,0.0018282286656052115,0.042757790700704026
2021-05-06,0.0015926005101366354,0.03990739919033356
2021-05-07,0.0017147354294966579,0.04140936403154071
2021-05-08,0.00124114840616635,0.0352299362214346
2021-05-09,0.0013344488082835198,0.03653010824352317
2021-05-10,0.002391806270662558,0.048906096457011966
2021-05-11,0.0015949057872170968,0.039936271573809905
2021-05-12,0.004314053547718815,0.0656814551279036
2021-05-13,0.008612651005889534,0.0928043695409302
2021-05-14,0.001798692925982179,0.042411000058736874
2021-05-15,0.003352462462513546,0.057900453042386
2021-05-16,0.005318490232208376,0.07292797976228586
2021-05-17,0.007763428710617308,0.08811032124908698
2021-05-18,0.0045899343676761625,0.0677490543673944
2021-05-19,0.10222168842013518,0.31972126676237095
2021-05-20,0.014497509201530843,0.12040560286602464
2021-05-21,0.0168629584696334,0.12985745442458588
2021-05-22,0.007471413830864659,0.08643734048930855
2021-05-23,0.015871208083097877,0.12598098302163654
2021-05-24,0.0077296038250118165,0.087918165500719
2021-05-25,0.005060068144816352,0.07113415596474279
2021-05-26,0.0032451935310916793,0.05696660013632268
2021-05-27,0.0030418755350544277,0.055153200587585376
2021-05-28,0.00535634988272458,0.07318708822411628
2021-05-29,0.005300481753883508,0.07280440751687708
2021-05-30,0.0024292360817117424,0.04928728113531667
2021-05-31,0.002571811560493903,0.05071303146622082
2021-06-01,0.0027031587179321714,0.05199191012005783
2021-06-02,0.001502077873343012,0.038756649408108176
2021-06-03,0.0012737413507134879,0.03568951317563029
2021-06-04,0.002449801919878467,0.049495473731225835
2021-06-05,0.0027541556069012093,0.05248004960841033
2021-06-06,0.0012918585191255961,0.03594243340573362
2021-06-07,0.0026703988677701596,0.051675902195996146
2021-06-08,0.0036176382731018353,0.06014680600914595
2021-06-09,0.004461900606229305,0.06679745957915843
2021-06-10,0.0030941287481118652,0.05562489324135252
2021-06-11,0.002178354704263507,0.04667284761254135
2021-06-12,0.0020907355231303947,0.04572456148647458
2021-06-13,0.0019315798034983758,0.0439497417910319
2021-06-14,0.0024354719703992026,0.049350501217304804
2021-06-15,0.0016240421905730999,0.04029940682656632
2021-06-16,0.0027183703191316203,0.052137993048559324
2021-06-17,0.001330986276829067,0.036482684616528246
2021-06-18,0.0017703274140511269,0.04207525893029212
2021-06-19,0.0017525220033423185,0.04186313417963732
2021-06-20,0.0023172971279106086,0.04813831247468703
2021-06-21,0.007460421847721255,0.08637373355205422
2021-06-22,0.00798644751736405,0.08936692630589937
2021-06-23,0.004077006293717258,0.06385143924546462
2021-06-24,2.6990494123770977e-05,0.005195237638816051
2021-06-25,0.0040586459910366395,0.06370750341236611
2021-06-26,0.00440398487892921,0.06636252616446431
2021-06-27,0.0027986996353224574,0.052902737503105236
2021-06-28,0.0018326987754325905,0.04281003124774135
2021-06-29,0.0018674792524479658,0.04321434081931559
2021-06-30,0.0017905106477022507,0.042314425999914626
2021-07-01,0.0019361129665993564,0.044001283692630566
2021-07-02,0.001525434623658232,0.03905681276881451
2021-07-03,0.0007814054093716245,0.02795362962786093
2021-07-04,0.0006158807444809143,0.024816944704796243
2021-07-05,0.0012669520397066692,0.03559426975942433
2021-07-06,0.0014398294509948633,0.03794508467502561
2021-07-07,0.0008873658238552304,0.029788686172022263
2021-07-08,0.001467635406344624,0.038309729917406415
2021-07-09,0.0009612807198845983,0.03100452740947035
2021-07-10,0.0006633056947899093,0.025754721796010713
2021-07-11,0.0006130899155800171,0.024760652567733694
2021-07-12,0.0007894329770247512,0.028096849948432853
2021-07-13,0.0007406072524525442,0.02721410025065213
2021-07-14,0.0011645404627960599,0.03412536392181129
2021-07-15,0.001153272383428262,0.033959864302265136
2021-07-16,0.001060873864045829,0.03257105868782636
2021-07-17,0.000776424920659881,0.02786440239193873
2021-07-18,0.0006215305165789716,0.024930513764841903
2021-07-19,0.000804387954817595,0.028361733988203103
2021-07-20,0.0012581215032379412,0.03547000850349406
2021-07-21,0.002031899925292757,0.045076600640384996
2021-07-22,0.000858322787954817,0.02929714641317166
2021-07-23,0.0006315925424041798,0.02513150497690458
2021-07-24,0.0005949525671158275,0.024391649536589927
2021-07-25,0.0008681953988596897,0.02946515567343383
2021-07-26,0.007889964934672844,0.08882547458174847
2021-07-27,0.002290780756697722,0.04786210146554079
2021-07-28,0.002765568593277096,0.052588673621580304
2021-07-29,0.0013585036455310816,0.03685788444188138
2021-07-30,0.0022469095584895056,0.04740157759494409
2021-07-31,0.0009987055063735973,0.03160230223217285
2021-08-01,0.001408128143954315,0.03752503356366674
2021-08-02,0.0013381093737817658,0.03658017733392999
2021-08-03,0.001665943901999861,0.040815976063299786
2021-08-04,0.001012998730330623,0.031827640979667705
2021-08-05,0.0020361577616622713,0.045123804822535425
2021-08-06,0.0020687690165983198,0.045483722545525226
2021-08-07,0.0018600786604868354,0.04312862924423677
2021-08-08,0.0018791125896139157,0.043348732272281226
2021-08-09,0.002297547557349021,0.0479327399315856
2021-08-10,0.0011843670430359322,0.034414634140666554
2021-08-11,0.0009004824098851361,0.03000803908763677
2021-08-12,0.0010994102916335837,0.033157356523607
2021-08-13,0.001048469164656321,0.03238007357397943
2021-08-14,0.0009784548616951084,0.03128026313340584
2021-08-15,0.0009857670187738575,0.03139692690015788
2021-08-16,0.0011533986125849501,0.03396172275643493
2021-08-17,0.001446487687331253,0.0380327186423907
2021-08-18,0.0011960289685247279,0.03458365175230528
2021-08-19,0.0011983940089066428,0.03461782790567084
2021-08-20,0.0008740555736342521,0.029564430886358222
2021-08-21,0.000819461964857822,0.02862624608393182
2021-08-22,0.0005893010272182616,0.024275523212039355
2021-08-23,0.0006247396001460955,0.024994791460344203
2021-08-24,0.0007992715018502299,0.028271390164797874
2021-08-25,0.0008043157375303334,0.028360460813081533
2021-08-26,0.0011829635625664262,0.034394237345323216
2021-08-27,0.000936536487943178,0.030602883654047668
2021-08-28,0.0003453524271778856,0.018583660220147312
2021-08-29,0.0006001007764263257,0.024496954431649776
2021-08-30,0.0006383768201158658,0.02526612000517424
2021-08-31,0.0007319860806578714,0.027055241278870004
2021-09-01,0.0007487021378818254,0.027362422003211363
2021-09-02,0.0007014231490304778,0.026484394443341115
2021-09-03,0.0009560435814051568,0.030919954421136472
2021-09-04,0.0004457219617865138,0.02111212831020392
2021-09-05,0.0004777438357121917,0.02185735198307864
2021-09-06,0.0004170766846137604,0.02042245540119406
2021-09-07,0.009350756162154333,0.09669930797143449
2021-09-08,0.0020646159703636814,0.045438045406505784
2021-09-09,0.0012019185178518707,0.03466869651215446
2021-09-10,0.001325550076196924,0.03640810454001862
2021-09-11,0.0006754898774177917,0.02599018809893056
2021-09-12,0.0007035543231454338,0.026524598453990474
2021-09-13,0.0027658396049443697,0.05259125026983452
2021-09-14,0.0009941037200827782,0.031529410398591
2021-09-15,0.0005449269474008184,0.023343670392652876
2021-09-16,0.0007280043817817021,0.02698155632615921
2021-09-17,0.0006511045101029573,0.02551674959909583
2021-09-18,0.000445856821024079,0.021115321949335252
2021-09-19,0.0005178575365482927,0.022756483395909233
2021-09-20,0.003227862162974585,0.056814277809143936
2021-09-21,0.004767333213454953,0.06904587759928142
2021-09-22,0.002003746095778499,0.04476322258035607
2021-09-23,0.0011310368897028784,0.03363089189573893
2021-09-24,0.0028031803484870367,0.05294506916122631
2021-09-25,0.001182033813022742,0.034380718622837744
2021-09-26,0.0016406859329329705,0.04050538153051975
2021-09-27,0.0012612688878485456,0.035514347633717636
2021-09-28,0.0014711611834375253,0.03835571904472038
2021-09-29,0.0010049768894585746,0.03170137046656776
2021-09-30,0.001250531399536822,0.03536285338511051
2021-10-01,0.0021276782147771393,0.046126762457136955
2021-10-02,0.0006234216058824836,0.024968412161819255
2021-10-03,0.0007248546777368843,0.026923125333751362
2021-10-04,0.0013674714036503183,0.036979337523140116
2021-10-05,0.0009612405269599725,0.031003879224380495
2021-10-06,0.0028152751026615337,0.05305916605697392
2021-10-07,0.0012347556851177793,0.035139090556213594
2021-10-08,0.0009068195584153915,0.030113444811502247
2021-10-09,0.0005069566897569271,0.02251569874014411
2021-10-10,0.0010293724919875676,0.03208383536903853
2021-10-11,0.000864737156350216,0.02940641352409736
2021-10-12,0.0013681496754101249,0.03698850734228302
2021-10-13,0.0011375042061554203,0.033726906264219085
2021-10-14,0.000898396758232202,0.02997326739333238
2021-10-15,0.0014210697083600382,0.03769707824699466
2021-10-16,0.0007316708746194183,0.02704941542102931
2021-10-17,0.000905222739469748,0.030086919740474397
2021-10-18,0.0011314681299501243,0.03363730265568457
2021-10-19,0.0011157468169610398,0.033402796544017684
2021-10-20,0.000795492801814194,0.02820448194550281
2021-10-21,0.0028480156902931913,0.05336680326095232
2021-10-22,0.00136179948129867,0.036902567407955104
2021-10-23,0.0008415738892419439,0.029009892954679168
2021-10-24,0.0009696498231368347,0.031139200746596478
2021-10-25,0.0006171259126041319,0.024842019092741474
2021-10-26,0.0008535693389086667,0.02921590900363476
2021-10-27,0.0016205072128077215,0.04025552400364106
2021-10-28,0.003775502140485179,0.061445114862657545
2021-10-29,0.0011182001652618608,0.03343950007493923
2021-10-30,0.0005541531015560982,0.023540456698120753
2021-10-31,0.0006963290751604501,0.026388047960401506
2021-11-01,0.0009859388667946317,0.0313996634821877
2021-11-02,0.0008002962414917451,0.028289507621939006
2021-11-03,0.001593760386336029,0.03992192863998468
2021-11-04,0.0007192932955541605,0.026819643837198148
2021-11-05,0.000562034745078039,0.02370727198726245
2021-11-06,0.0004822234261192633,0.02195958620100259
2021-11-07,0.0004072020951863081,0.020179249123451252
2021-11-08,0.0007467153112233636,0.027326092132307606
2021-11-09,0.0006732008370842075,0.0259461141037383
2021-11-10,0.0026778048145577943,0.05174751022568906
2021-11-11,0.0007484748793894434,0.027358268939928262
2021-11-12,0.0009519696893957219,0.030854006051009356
2021-11-13,0.0004505584055141177,0.021226361099211465
2021-11-14,0.0005262198313109553,0.02293948193205233
2021-11-15,0.0005997951302789366,0.024490715185125498
2021-11-16,0.002409828950370665,0.04909000866134233
2021-11-17,0.0016959347583732395,0.04118172845295884
2021-11-18,0.002172140738742155,0.04660623068584452
2021-11-19,0.001083709132012621,0.03291973772697196
2021-11-20,0.0006865063296732731,0.026201265802881988
2021-11-21,0.0006428011865838051,0.0253535241452506
2021-11-22,0.0018148596164913162,0.04260116919159985
2021-11-23,0.0015524291365128133,0.039400877357145404
2021-11-24,0.0010247542141430094,0.0320117824268348
2021-11-25,0.0006542201304808802,0.025577727234468668
2021-11-26,0.0019788033420868275,0.044483742446952766
2021-11-27,0.0007769039022333036,0.027872995932143776
2021-11-28,0.0011680377852998926,0.03417656778115515
2021-11-29,0.0008030944938227192,0.02833892188885666
2021-11-30,0.0019443228049786235,0.04409447590094051
2021-12-01,0.00121927279648219,0.03491808695335685
2021-12-02,0.0010566796075798638,0.03250660867546573
2021-12-03,0.0018617638636181457,0.043148161764067605
2021-12-04,0.014233982427683782,0.11930625477184247
2021-12-05,0.0018555772187916972,0.043076411396397646
2021-12-06,0.0024133412444054536,0.0491257696571306
2021-12-07,0.0011405528051882212,0.033772071378407056
2021-12-08,0.0011541014400666017,0.03397206852793338
2021-12-09,0.0014207491774205553,0.03769282660428314
2021-12-10,0.0011797382096020899,0.03434731735670327
2021-12-11,0.0014706380329831555,0.03834889871930034
2021-12-12,0.0007403856964839481,0.027210029336330162
2021-12-13,0.001961773164617353,0.04429190856824024
2021-12-14,0.0012968341004848296,0.03601158286558409
2021-12-15,0.0020143484853753675,0.0448814937961669
2021-12-16,0.0008852450912324911,0.02975306860195249
2021-12-17,0.0016364881288773276,0.040453530487181553
2021-12-18,0.0008361449455992337,0.0289161710051527
2021-12-19,0.001012431167977973,0.03181872354413315
2021-12-20,0.0011172119370605948,0.0334247204485033
2021-12-21,0.0007264711179688828,0.026953128166668946
2021-12-22,0.0005186771723325589,0.022774485116738838
2021-12-23,0.000691216849668236,0.026291003207717958
2021-12-24,0.0006117294164805966,0.024733164303836996
2021-12-25,0.0003613871800314422,0.019010186217695034
2021-12-26,0.0005133086401745942,0.02265631567961998
2021-12-27,0.00042887198769863734,0.02070922470056852
2021-12-28,0.001085404101935256,0.03294547164536055
2021-12-29,0.0010649845810214436,0.032634101504736474
2021-12-30,0.0007844394642074993,0.028007846475719966
2021-12-31,0.0009350440417435726,0.030578489853875592
2022-01-01,0.0005983882530917301,0.024461975657982537
2022-01-02,0.0005263238223000187,0.0229417484577793
2022-01-03,0.0005686465458351658,0.023846310948135475
2022-01-04,0.0008860510687436831,0.0297666099639123
2022-01-05,0.0020941537259747344,0.04576192441293017
2022-01-06,0.0009971517984850996,0.03157771046933421
2022-01-07,0.002476853012414068,0.049767991846306876
2022-01-08,0.0011085457326137967,0.03329483041875715
2022-01-09,0.0006926469869828216,0.026318187380266554
2022-01-10,0.0022503187019860356,0.0474375241974751
2022-01-11,0.0010219445565077382,0.031967867562722074
2022-01-12,0.0006909943313330905,0.026286771032842556
2022-01-13,0.0006792767188213035,0.02606293764757349
2022-01-14,0.0007513062736042192,0.0274099666837488
2022-01-15,0.00037206708849101206,0.01928904063169063
2022-01-16,0.00034727936831816707,0.018635433140073966
2022-01-17,0.0005635925625463326,0.023740104518437416
2022-01-18,0.0007485192558306769,0.027359079952196434
2022-01-19,0.0008518208618772267,0.029185970291858154
2022-01-20,0.0009512708137107606,0.03084267844579586
2022-01-21,0.0045094166888309545,0.06715219049912635
2022-01-22,0.003975297158060705,0.06304995763726337
2022-01-23,0.0016684970162721142,0.04084724000801173
2022-01-24,0.004542391783768631,0.0673972683702287
2022-01-25,0.001764703933463028,0.042008379324404176
2022-01-26,0.002702456871087512,0.051985160104471274
2022-01-27,0.0019299755118536463,0.043931486565487926
2022-01-28,0.0012923556734178506,0.03594934872035724
2022-01-29,0.0007077590032235245,0.026603740399115394
2022-01-30,0.00052093773107023,0.022824060354595763
2022-01-31,0.0008938440712683204,0.029897225143285796
2022-02-01,0.0009984854747964688,0.03159882078173913
2022-02-02,0.0008136437780474903,0.028524441765746974
2022-02-03,0.0009239686391456486,0.030396852454582343
2022-02-04,0.0015279622966962445,0.03908915830119964
2022-02-05,0.0006355413700707257,0.025209945856164102
2022-02-06,0.0006002808662748245,0.02450062991587817
2022-02-07,0.0008936618254387135,0.02989417711593202
2022-02-08,0.0013230949241558388,0.036374371804277786
2022-02-09,0.0008319927761511244,0.028844284982490455
2022-02-10,0.0018909618089176395,0.043485190685078515
2022-02-11,0.0018538386078521868,0.04305622612180713
2022-02-12,0.0006750648007356849,0.02598200917434379
2022-02-13,0.0004733085976113027,0.021755656680764724
2022-02-14,0.0008108601721373585,0.028475606615792376
2022-02-15,0.0005570638024741864,0.02360219910250285
2022-02-16,0.0005174250222238497,0.022746978309741487
2022-02-17,0.001256774886714615,0.03545102095447485
2022-02-18,0.0012644308031188787,0.035558835795324886
2022-02-19,0.00041155726669710353,0.02028687424659362
2022-02-20,0.0006816083007678904,0.02610762916788674
2022-02-21,0.0028131114902540393,0.05303877346106374
2022-02-22,0.0017025529217143324,0.04126200336525521
2022-02-23,0.0009507083641006704,0.030833559056662116
2022-02-24,0.0048252428033581434,0.06946396766207746
2022-02-25,0.0017352984211281572,0.04165691324532048
2022-02-26,0.0008845868930527957,0.029742005531786114
2022-02-27,0.0014670590262993765,0.038302206546090484
2022-02-28,0.0027573827622688605,0.052510787103878576
2022-03-01,0.001463062392834425,0.038249998599142784
2022-03-02,0.001591834618029114,0.039897802170409266
2022-03-03,0.0010648829061119152,0.0326325436659773
2022-03-04,0.0016981803268896426,0.041208983570207636
2022-03-05,0.0005511359167856128,0.023476284134965074
2022-03-06,0.001155811724839676,0.03399723113489797
2022-03-07,0.001720323971357087,0.04147678834429068
2022-03-08,0.0018369012927576364,0.04285908646667164
2022-03-09,0.0013111444982245807,0.03620972933100413
2022-03-10,0.002049074541031697,0.04526670455237157
2022-03-11,0.0015132296795095138,0.03890025294917134
2022-03-12,0.00037705735291275114,0.01941796469542447
2022-03-13,0.0006811765821413541,0.026099359803285486
2022-03-14,0.00013814746478090864,0.01175361496650748
